tweets,classes
"Agr at√© eu quero um xiaomi",positivo
"xiaomi= tudo pra mim. https://t.co/7lAvXTxa2J",positivo
"RT @karnsteins: meu celular est√° 1 dia e 6 horas sem carregar e ainda to c 17% ouvindo m√∫sica no meu fone bluetooth e jogando ff  xiaomi ob‚Ä¶",positivo
"@Juliano_Fleck Se procura aplicativo usa o Smart Iptv, se for TV box a da Xiaomi √© excelente.",positivo
"@paginamemebro nn gosto da c√¢mera do xiaomi",negativo
"3 dias, 9 horas e 30 min sem carregar
Xiaomi, conte comigo pra tudo https://t.co/ymVhiRY89Z",positivo
"Come√ßou a √©poca de chuva. Vou comprar um guarda-chuva da xiaomi: muito melhor e mais barato que os outros",positivo
"@Tabatabatats agr vai ter  que aguentar os user de ios te chamando de xiaominion KKK (todo mundo sabe que Xiaomi √© melhor ü§´)",positivo
"a camera do xiaomi √© boa?",neutro
"@jackstarving cara eu ia comprar ele se n√£o tivesse comprado o xiaomi",neutro
"Comprei um Xiaomi. Ser√° que vou virar palestrante?",neutro
"@tockerslol xiaomi √© melhor",positivo
"@breandu nada, Xiaomi √© melhor de qualquer forma mesmo",positivo
"gente quem tem Xiaomi me fala qual √© o melhor ?",neutro
"@bruso__s Ol√°, fiquei sabendo que voc√™ tem um xiaomi novinho ai rs rs",neutro
"gasto rios de dinheiro e atualizo o meu iphone em 2020, que tem um sistema que eu gosto muito, ou pego um Xiaomi mi‚Ä¶ https://t.co/Y6vtTvGTdl",neutro
"Certo, eu admito, estou viciado nos produtos da Xaomi. Vou comprar o Mi Band 4, Xiaomi Mi 8 Lite e o Redmi Airdots‚Ä¶ https://t.co/A63wIk9Jy1",positivo
"@XiaomiBrasil quando sai mi band 4 no Brasil???",neutro
"comprei o smartwatch mi band 4 da xiaomi... cara, o neg√≥cio √© at√© eficiente. de primeira achei q ia ser uma coisa i‚Ä¶ https://t.co/gvM7etovIm",positivo
"algm ai tem xiaomi mi band e quer me dizer se vale a pena comprar a 4",neutro
"A minha mi band 4 n√£o conecta com o meu iPhone @XiaomiBrasil",negativo
"@XiaomiBrasil Minha Mi Band 4 parou de notificar #WhatsApp ap√≥s atualiza√ß√£o do IOS 13 algu√©m passando por isso? #iphone #miband4 #ios13",negativo
"T√¥ muito feliiiiiiiiiiiz, meus pais est√£o vindo de SP e trazendo p mim um mi band 4, para completar minha linha Xiaomi que amo muitoooo...",positivo
"Ainda n√£o virei testemunha de xiaomi, mas to adorando minha mi band 4.",positivo
"Mal comprei a mi Band 2 e ja t√¥ doido pra ter a 4, xiaomi pq fizeste isso comigo?!",positivo
"Depois de 1 m√™s e 3 dias finalmente meu Xiaomi Mi Band 4 que ganhei de aniver descarregou. 
Bateria q dura da #@$%^&amp;",positivo
"RT @selenaffection: obrigado pelo mimo @xiaomi https://t.co/u9rGImnPkx",positivo
"o carregador do xiaomi √© perfeito",positivo
"existe povo mais chato que o povo q tem o celular Xiaomi ?? acho q s√≥ perdem para os alunos de direito",negativo
"T√° comprovado, eu t√¥ apaixonado no meu Xiaomi. üòÇüòÇ",positivo
"Eu agora fa√ßo parte da seita APAIXONADOS POR XIAOMI",positivo
"Manooooo, xiaomi √© muito bommmm",positivo
"hj faz 8 dias que n√£o carrego meu xiaomi ele at√© j√° aprendeu a andar",positivo
"@Rolandinho Mas o xiaomi redmi mi note 78 tem a c√¢mera melhor que o pixel ein",positivo
"@exame @JoelPinheiro85 √â evidente n√©! Um celular carissimo. Sou mais o concorrente Xiaomi. Muito melhor!",positivo
"Pre√ßo M√≠nimo Drone Xiaomi Fimi X8 de¬†423‚Ç¨ https://t.co/bczbof5nrL https://t.co/mfaqMntlbQ",neutro
"RT @rightjikook: @jgkophoria seu celular √© xiaomi?",neutro
"queria mexer num xiaomi",positivo
"A #Xiaomi mostrou a interface de seu novo smartwatch e como ele ir√° funcionar

https://t.co/fKQgfTcMTJ",neutro
"RT @BrenoFe10552050: A real √© que a XIAOMI nunca chegar√° perto! E voc√™s que tem esses celulares tinham que parar de falar que a Apple n√£o t‚Ä¶",negativo
"@Yurghx1922 Eu fui roubada na viagem do RJ. A√≠ comprei esse. Gosto da xiaomi pelo custo benef√≠cio",positivo
"@filtrbr @MAJORLAZER @thegreatkhalid Coloquem o smartwatch xiaomi e o fone de ouvido xiaomi redmi, nunca pedi nada, pleaseee!!!!",positivo
"minha m√£e comprou um iphone pra ela e eu aq com essa merda de xiaomi
aiai",negativo
"@Arkimennes Puts, q merda!! Mas olha, no Alli tem tela do xiaomi baratinho.",positivo
"Uns 5 meses usando essa porra de Xiaomi o bgl t√° parecendo um Moto G2 antigo de tanto que trava, toma no cu",negativo
"at√© que fim achei uma capinha pro meu Xiaomi ü•∞üì≥",positivo
"@IramPereira3 Kkkkkkkkk s√≥ os testemunhas de Xiaomi",neutro
"@raissacxt aaa falei pra minha irm√£ que xiaomi √© melhor mas n√£o seiii aaa",neutro
"RT @radenclaw: @alice_gobbo9 @lojinhadoiphone compra um xiaomi bota a apple pra mamar",positivo
"@obrasilfabian @bitchoffsss @renanwrios As fotos da viagem tudo de xiaomi eu jogo pokemon e a bateria dura afu",positivo
"fui infectado pelo v√≠rus da xiaomi e pqp o bag √© mt bom mesmo ..",positivo
"@kthgoghs Xiaomi √© mt bom vai por mim‚ù§‚ù§",positivo
"Quando falam que xiaomi √© melhor que iPhone, logo jogo um ‚Äúa camera do iPhone √© melhor‚Äù https://t.co/RIqxYSHfUW",negativo
"@RaphaellaL_ ol√° senhora voce gostaria de ouvir os beneficios do xiaomi",positivo
"Enquanto isso eu reparei nos detalhes pra ver se era mesmo um xiaomi kkkk https://t.co/oNbIZgCZYm",neutro
"@fxckrimi Nao gosto de xiaomi entt.....
Mas tipo al√©m da beleza
Ele tbm tem qualidade ?",negativo
"algu√©m sabe se fone da jbl √© melhor que da xiaomi?",neutro
"@agnjes eu comprei o da xiaomi pelo custo x benef√≠cio",positivo
"Desde 10 da manh√£, s√≥ 16% de bateria gasto, xiaomi conte comigo pra tudo",positivo
"Eu odeio a @Xiaomi",negativo
"poxa xiaomi pq t√£o bom? üòî",positivo
"@BaruckHelder Isso que d√° ser amigo de um testemunha de xiaomi mais antigo..",positivo
"@Douglas65127353 O do xiaomi √© horr√≠vel",negativo
"A #Xiaomi mostrou a interface de seu novo smartwatch e como ele ir√° funcionar

https://t.co/fKQgfTcMTJ",neutro
"Ao que tudo indica, muito em breve, o #RedmiNote8Pro, da #Xiaomi, vai estar oficialmente nas m√£os dos consumidores‚Ä¶ https://t.co/OUryUklbDQ",neutro
"Eu fico puto com o xiaomi pq nao da pra por um nome foda e super grande no contato pq o celular simplesmente nao deixa
Toxico",negativo
"@LopoFernando @jotaplays Que tema √© esse do xiaomi amigo?",neutro
"O que √© xiaomi?",neutro
"@teucontatinho eu acho que √© da xiaomi!",neutro
"Voltei a ser testemunha de xiaomi, n√£o √© oq eu quero mas d√° pra quebrar o galho at√© janeiro",negativo
"@balu_is_hot Eu durmo bastante e sou testemunha de Xiaomi tamb√©m...",positivo
"Essa Xiaomi t√° igual brasileiro, deixa tudo pra √∫ltima hora... Cad√™ a MIUI 11 pro Note 7? Ser√° que s√≥ vai sair aman‚Ä¶ https://t.co/waHxMGSMQs",negativo
"Descobri q o celular da xiaomi tem modo noturno, gostei",positivo
"Eu s√≥ queria um xiaomi na minha vida.",positivo
"Socorro que meu xiaomi t√° doido algu√©m me ajuda",negativo
"Se vcs n√£o tem coragem pra falar, eu tenho: XIAOMI √â RUIM SIM!",negativo
"Xiaomi deve lan√ßar Redmi Note 8 Pro no Brasil https://t.co/npEgCukkyG",neutro
"Amanh√£ eu vou precisar de um carregador Xiaomi na UFU Umuarama. Ajuda eeeuuu meu povo",neutro
"@LuisRossetin MANO VC JA OUVIU FALA NOS PRODUTOS XIAOMI?",neutro
"S√≥ queria comprar esse Xiaomi Redmi Note 8 que ta o mesmo pre√ßo do 7.. mas INFELIZMENTE minha m√£e ainda ta pagando‚Ä¶ https://t.co/wMOYDmdApx",neutro
"Fogo no parquinho at√© no grupo da Xiaomi https://t.co/CMXp4XUGIc",neutro
"Eleitor de Bolsonaro √© chato sim mas vcs j√° viram os usu√°rios do Xiaomi?",negativo
"@GabriellenCarmo Voc√™ precisa conhecer o Smartwatch Amazing GTR 42mm Swarovski da Xiaomi.... A√≠ sim vc vai estar co‚Ä¶ https://t.co/yfYjdg05Rl",neutro
"Xiaomi Mi Note 10 chegando em 5 de novembro com cinco c√¢meras https://t.co/CGCjczyNuo",neutro
"Mas tamb√©m com um xiaomi eu me torno uma Gisele Buchmann",positivo
"Obrigada xiaomi por ser o melhor celular da vida",positivo
"RT @jsantorox: @Douglas65127353 O do xiaomi √© horr√≠vel",negativo
"@gcfintense @heytominie Calma a√≠ kkkkkkk isso √© meme p√¥, j√° usei o xiaomi da minha prima e √© muito bom mesmo, kkkkkkkk",positivo
"Xiaomi √© melhor que Apple https://t.co/xgJllpa14K",positivo
"Tava vendo uns modelos de xiaomi e visualmente ele √© mt bonito temos q admitir",positivo
"@HirisSilva19 Xiaomi √© boa por ser barato kkkkk",positivo
"Foto no xiaomi √© outro n√≠vel https://t.co/F2zsk7UUeD",positivo
"fodase xiaomi",negativo
"Bicho, a c√¢mera desse Xiaomi √© insana de t√£o boa, puta merda",positivo
"Xiaomi eu te amo mas esse teu mi cloud me estressa",negativo
"como que eu silencio a palavra xiaomi da minha vida",negativo
"Tava vendo uns modelos de xiaomi e visualmente ele √© mt bonito temos q admitir",positivo
"Xiaomi prepara-se para lan√ßamento do Mi Note 10 
https://t.co/4zrWbhyTpJ https://t.co/XVCiRDJlyP",neutro
"N√ÉO COMPRE XIAOMI MI 9T https://t.co/hPUtnzonmw via @YouTube",negativo
"t√¥ amando meu xiaomi ü•∞ demorou, mas chegou kk",positivo