"Tive que desativar o neg√≥cio do sono da mi band 4. O bagulho tava me deixando meu doido j√°, nem"
"RT @cachorro_frio: @fernandobentto cara, jura? com o pre√ßo que tu comprou dava pra ter pego um xiaomi mi 9, um mi band 4, uma caixa jbl ult‚Ä¶"
"@FelipeDuarte151 Tenho a mi band 3, mas acho a 4 mais legal por conta que a tela √© colorida"
"To vendendo minha pulseira mi band 4(rel√≥gio)üòâ"
"mi band 4 na internet = 160 reais 
mi band 3 em ji-parana = 260 reais 
kkkkkpiada"
"Ganhei um mi band 4 üòç ah meu Deus"
"a vontade de comprar o mi Band 4 t√° gigantesca, sorte que eu n√£o tenho cart√£o de cr√©dito se n√£o eu faria uma besteira"
"@XiaomiBrasil ser√° que tem como voc√™ parar de me tentar com esse tal de mi Band 4 ?!?!"
"Eu s√≥ queria saber se a mi band 4 tem boa resist√™ncia quanto arranh√£o e tal, pq n achei em ligar nenhum sobre isso‚Ä¶ https://t.co/69O6rulsN4"
"alguem me da uma xiaomi mi band 4 de presente"
"Minha pr√≥xima compra vai ser um mi band 4"
"@buzsheep Ficou muito bom na mi band 4 üòç https://t.co/Xj5xvAbvpr"
"mi band 4 qualquer coisa no mundo&gt;&gt;&gt;&gt;&gt;&gt;&gt;"
"t√¥ portado de xiaomi, mi band 4 em m√£os ü§™"
"Certo, eu admito, estou viciado nos produtos da Xaomi. Vou comprar o Mi Band 4, Xiaomi Mi 8 Lite e o Redmi Airdots‚Ä¶ https://t.co/A63wIk9Jy1"
"@mizanzika J√° viu esse site que tem v√°rios temas diferentes? https://t.co/QFch8ry06g"
"Comprar ou n√£o comprar o Mi band 4, que d√∫vidaaa"
"@matheuskise Peguei agora a Mi Band 4, mas queria, mais pra frente um watch com Wear OS Google. A "promessa" √© uma‚Ä¶ https://t.co/bkpvriY6m0"
"Minha mi band 4 chegoooou"
"Minha mi band 4 chegou, t√¥ muito realizada por√©m n√£o sei mexer kkkkkkkkkkkkkkkkk"
"Eu ainda posso levar sorte do estorno do meu cart√£o cair por esses dias, n√©... J√° que a RFB fez quest√£o de ferrar c‚Ä¶ https://t.co/neb85ND9FN"
"Comprei minha Mi Band 4 ‚ô•Ô∏è‚ô•Ô∏è‚ô•Ô∏è‚ô•Ô∏è‚ô•Ô∏è‚ô•Ô∏è"
"Pulseira inteligente mi Band 4, original, possui garantia de 90 dias contra defeito de f√°brica. 
.
üìç Sorocaba Shopp‚Ä¶ https://t.co/eMDngdhLV0"
"eu preciso de uma mi band 4? n√£o 
tenho dinheiro dispon√≠vel pra comprar? n√£o 
vou comprar uma mi band 4? simm"
"Parab√©ns pra mim, que perdi o carregador da minha mi Band 4"
"@kLedaum se comprar o mi9, compre o MI BAND 4 tambem, vale a pena pra caralho!!!!"
"Smartband Xiaomi Mi Band 4 (Global) #Banggood

R$ 117.14 (USD $27.00)
O Pre√ßo √© Igual ao Menor Registrado! (USD)
‚Üí‚Ä¶ https://t.co/gg36JwEpuJ"
"trabalhar pra comprar o mi band 4"
"@WNarz Eu tenho um Mi A2, uma mi Band 4 e um airdots (branco). Sou 100% xiaominion"
"@XiaomiBrasil quando sai mi band 4 no Brasil???"
"FRETE PRIORIT√ÅRIO GR√ÅTIS! (ePacket)
Smartband Xiaomi Mi Band 4 (Global) #Gearbest

R$ 118.81 (USD $27.00)
O Pre√ßo √©‚Ä¶ https://t.co/B6I4Unvvlr"
"cara, jura? com o pre√ßo que tu comprou dava pra ter pego um xiaomi mi 9, um mi band 4, uma caixa jbl ultra, uma bic‚Ä¶ https://t.co/abqx8eYwBZ"
"To amando a mi band 4 mas to bem tentada a ter uma honor band tbm."
"@dengocaetano AAAAA, a 4 √© muito boa!!!! eu tenho a mi band 3, comprei antes e logo dps saiu a 4 kkkkk mas t√¥ feliz‚Ä¶ https://t.co/IqhFlYGnlX"
"@startupdareal Manda uma Mi Band 4, Star, a gente faz uma watchface pra voc√™ üòä https://t.co/2liPksB0Uw"
"comprei o smartwatch mi band 4 da xiaomi... cara, o neg√≥cio √© at√© eficiente. de primeira achei q ia ser uma coisa i‚Ä¶ https://t.co/gvM7etovIm"
"Que demoraaa, meu mi band 4 saiu p entrega 8:43 da manha e n chegou em casa at√© agora"
"RT @clubedeofertas_: FRETE PRIORIT√ÅRIO GR√ÅTIS! (ePacket)
Smartband Xiaomi Mi Band 4 (Global) #Gearbest

R$ 118.81 (USD $27.00)
O Pre√ßo √© Ig‚Ä¶"
"Minha mi band 4 chegou hoje e eu j√° quebrei"
"RT @TyoLucas: Que demoraaa, meu mi band 4 saiu p entrega 8:43 da manha e n chegou em casa at√© agora"
"@aleekiz sim, e t√° barato.. a mi band 4 √© a melhor custo benef√≠cio do mercado porem vale mais a pena comprar pela g‚Ä¶ https://t.co/ra8XoUT3xP"
"a mi band 4 t√° muito boa, mas esse t√£o mais bonito n√£o resisti"
"FRETE PRIORIT√ÅRIO GR√ÅTIS! (ePacket)
Smartband Xiaomi Mi Band 4 CN #Gearbest

R$ 106.93 (USD $24.30)
‚Üí Cupom: GBXMSH‚Ä¶ https://t.co/ZfHJNd5QE7"
"xiaomers vcs que t√™m mi band (sei que est√£o ai) t√™m o 3 ou 4? eu quero o 3 n√£o s√≥ por ser mais barato mas pq as let‚Ä¶ https://t.co/wHrvzCHPBi"
"algm ai tem xiaomi mi band e quer me dizer se vale a pena comprar a 4"
"@pt_ee to em duvida entre o mi band 4 e o amazfit"
"@ribeiro6gabriel kkkkkk t√° quase virando uma mi band 4"
"Acabei de comprar a mi band 4 √© j√° t√¥ de olho em smartwatch que n tem nem necessidade, mas meu lado consumista t√° gritando"
"Impressionante como essa bateria dura. 
Vou fazer Review Mi Band 4. https://t.co/cmmA1f7zeR"
"Quem √© Apple Watch perto da minha mi band 4 que t√° a 7 dias longe da tomada e com 46% de bateria"
"Comprei o mi band 4, to mt feliz"
"A minha mi band 4 n√£o conecta com o meu iPhone @XiaomiBrasil"
"Ganhei um mi band 4 de presente"
"Minha mi band 4 vai chegar essa semana ainda ahhhh"
"Meu bb novo! Mi band 4! https://t.co/HIrj3xOfNE"
"@alInightlovato √â uma pulseira inteligente mo, mi band 4 da xiaomi"
"@pablodom_mello eu tenho a mi band 2 e gosto bastante
assim que poss√≠vel quero fazer o upgrade pra mi band 4

algun‚Ä¶ https://t.co/ZIvIs8HrGV"
"@LohanSouzab Eu j√° comprei a Mi Band 4 e o Redmi Airdots, kkkk"
"Ah √© mi Band 4 ‚úîÔ∏è (que ainda n√£o chegou)"
"Eu s√≥ queria ter uma mi band 4 pra usar essa pulseira de mi√ßanga https://t.co/EFsTAAk2Uj"
"Amando Mi Band 4 ü•∞‚ô•Ô∏è
Ainda mais com esse protetor de tela do Mario. 

#Miband 
#Miband4 
#MarioBros 
#Nintendo‚Ä¶ https://t.co/xbofSFSzNC"
"Roteador Inteligente Xiaomi Mi Router 4 Dual Band AC1200 (Gigabit 1000Mbps) #Banggood

R$ 143.06 (USD $32.99)
Bom P‚Ä¶ https://t.co/82mxLAYGrF"
"e hoje que do nada eu comprei uma mi band 4 DO NADA, e o pior?! n√£o sei como vou pagar D:"
"S√≥ uma atualiza√ß√£o da Mi Band 4 para BR-pt"
"@NannHwa os relogios da xiaomi sao baratos pra uma porra. da at√© pra pegar o mi band 4"
"Eu querendo comprar 528527273 pulseiras pro mi band 4 que eu ganhei 
Sendo que eu sei que eu s√≥ vou usar a preta kekekekek"
"Comprei meu mi Band 4 ü§©"
"meu bday t√° chegando e hoje resolvi me auto presentear com uma mi Band 4 

amo (????"
"Vi um mi band 4 baratinho na wish, comprei, paguei e agr to revendo o anuncio e achando que √© s√≥ a pulseira. Mds eu‚Ä¶ https://t.co/eVs0GSXNeG"
"RT @notearstodanger: Suponha que voc√™ namore
Seu/sua namoradx tem desejo de ganhar duas coisas. Uma alian√ßa, e um Mi band 4 (smartwatch). Q‚Ä¶"
"@gabzaoo No iPhone vc precisa ter o AmazTools
Ai vc baixa os ~pap√©is de parede pelo https://t.co/bdbw00K9Tm 
Vc sal‚Ä¶ https://t.co/fVnP6EijqS"
"A m√£o t√° co√ßando pra comprar uma MI Band 4 Xaomi  :("
"A mina √© baba ovo da Xiaomi. Fala que a Apple √© um lixo enorme, que nada a Apple presta. Fala mal da Apple no Faceb‚Ä¶ https://t.co/xYwuwTAzBR"
"Comprar uma mi Band 4 e o redmi airdots
Ou a mi Band 3 e um QCY QS2?"
"@zulununess @hastadlol To com 1 da xioami (mi band 4) √© boa. Mas um desse ai ia ficar monstro dms :3 kkkk"
"Suponha que voc√™ namore
Seu/sua namoradx tem desejo de ganhar duas coisas. Uma alian√ßa, e um Mi band 4 (smartwatch)‚Ä¶ https://t.co/zTF2puEjGx"
"O @xablovsk est√° ouvindo m√∫sica pelo seu xiaomi airdots, atrav√©s do aplicativo Spotify em seu Xiaomi Mi9 e controla‚Ä¶ https://t.co/WA8NrY744d"
"@Lucas28Lk @XiaomiBrasil Lucas, d√° uma olhadinha nesses modelos aqui, que separamos para voc√™:¬†‚Ä¶ https://t.co/Rbspe162s1"
"Comprei uma Mi Band 4 e o pouco de favela que restava em mim vai se esvaindo cada dia mais, j√° t√¥ vendo o dia em qu‚Ä¶ https://t.co/fzgQtpIBOR"
"Minha Mi Band 4 t√° chegando!!! üôè"
"Algu√©m me d√° mi Band 4 de dia das crian√ßas por favor"
"T√¥ me sentindo um velhote com meu Mi Band 4 que comprei, sei nem para onde ir para configurar tudo aqui :("
"#Gearbest Mi Band 4 #Xiaomi Bom pre√ßo, segue link: https://t.co/QP1o10pODP"
"Amigos da TL, algu√©m tem a pulseira Xiaomi Mi band 4? Se sim, √© valida a compra?"
"@TechTudo Por qual motivo eu compraria a Mi Band 3 se j√° tem a Mi Band 4 por R$ 169,90 na Amazon?"
"Vender mi band 4 pra galera colar na hora da prova kkkkkkkkkkkkk https://t.co/bFovtwoXrk"
"@magazineluiza Lu faz promocao do mi band 4, pfv"
"Minha mi band 4  chegouuuuu"
"FRETE PRIORIT√ÅRIO GR√ÅTIS! (ePacket)
Smartband Xiaomi Mi Band 4 (Global) #Gearbest

R$ 118.81 (USD $27.00)
O Pre√ßo √©‚Ä¶ https://t.co/0kWQ4mQLhk"
"Algu√©m me da um mi band 4, nunca pedi nada"
"meu pai me deu uma mi band 4 do nada üòÖ"
"Nova Hey Plus 1S traz ecr√£ Amoled e NFC.

Qual escolherias Mi Band 4 ou Hey Plus 1S?

#mi #miglobal #miportugal#tec‚Ä¶ https://t.co/UWkLqcjaj8"
"Ai, god, eu quase comprei a mi band 4 agora, mas consegui resistir... Com vontade de voltar l√° pra comprar, mas tentando ser forte"
